SNP	BETA
rs117618017	0.113
rs7384878	0.0775
rs4292	0.0688
rs6586028	0.0791
rs62375397	0.0746
rs57402520	0.0905
rs9349413	0.0649
rs6540874	0.0706
rs5848	0.0646
rs34173062	0.1139
rs11500477	0.0585
rs113706587	0.0925
rs9323877	0.0653
rs56407236	0.1097
rs2858331	0.0544
rs2250583	0.0579
rs3822030	0.0514
rs9939286	0.0538
rs34636042	0.0502
rs1065712	0.1081
rs199515	0.0576
rs4575098	0.0539
rs55760005	0.052
rs1693551	0.0459
rs242561	0.0538
