SNP	tissue_count	BETA	variant_type
rs199456	13	-0.0593	Protective
rs6605556	13	-0.0975	Protective
rs242561	13	0.0538	Risk
rs199515	13	0.0576	Risk
rs1693551	13	0.0459	Risk
rs7225002	13	-0.0537	Protective
rs78924645	12	-0.0565	Protective
rs934631	11	-0.0816	Protective
rs7384878	11	0.0775	Risk
rs1140239	10	-0.0592	Protective
rs2906657	9	-0.0709	Protective
rs9394766	8	-0.0616	Protective
rs67250450	8	-0.0559	Protective
rs3822030	7	0.0514	Risk
rs74504435	7	-0.0842	Protective
rs5848	6	0.0646	Risk
rs6656401	6	-0.1253	Protective
rs6586028	6	0.0791	Risk
rs9349413	6	0.0649	Risk
rs4292	5	0.0688	Risk
rs55760005	5	0.052	Risk
rs57402520	5	0.0905	Risk
rs9939286	5	0.0538	Risk
rs34636042	3	0.0502	Risk
rs3824869	3	-0.0514	Protective
rs2070902	3	-0.0537	Protective
rs117618017	3	0.113	Risk
rs6540874	2	0.0706	Risk
rs10166461	2	-0.1077	Protective
rs602602	2	-0.062	Protective
rs56407236	2	0.1097	Risk
rs1065712	2	0.1081	Risk
rs4575098	2	0.0539	Risk
rs11500477	2	0.0585	Risk
rs62375397	1	0.0746	Risk
rs34173062	1	0.1139	Risk
rs2858331	1	0.0544	Risk
rs2680700	1	-0.0482	Protective
rs7737911	1	-0.0728	Protective
rs2250583	1	0.0579	Risk
rs9323877	1	0.0653	Risk
rs149080927	1	-0.0535	Protective
rs113706587	1	0.0925	Risk
rs469420	1	-0.0486	Protective
